<application>
  <component name="libraryTable">
    <library name="scala-sdk-2.11.8" type="Scala">
      <properties>
        <language-level>Scala_2_11</language-level>
        <compiler-classpath>
          <root url="file://D:/software/Scala/lib/scala-compiler.jar" />
          <root url="file://D:/software/Scala/lib/scala-library.jar" />
          <root url="file://D:/software/Scala/lib/scala-reflect.jar" />
        </compiler-classpath>
      </properties>
      <CLASSES>
        <root url="jar://D:/software/Scala/lib/scala-library.jar!/" />
        <root url="jar://D:/software/Scala/lib/scala-reflect.jar!/" />
      </CLASSES>
      <JAVADOC>
        <root url="jar://D:/software/Scala/api/jars/scala-library-2.11.8-javadoc.jar!/" />
        <root url="jar://D:/software/Scala/api/jars/scala-reflect-2.11.8-javadoc.jar!/" />
      </JAVADOC>
      <SOURCES />
    </library>
  </component>
</application>