<application>
  <component name="ProjectManager">
    <defaultProject>
      <component name="Encoding" native2AsciiForPropertiesFiles="true" defaultCharsetForPropertiesFiles="UTF-8">
        <file url="PROJECT" charset="UTF-8" />
      </component>
      <component name="MavenImportPreferences">
        <option name="generalSettings">
          <MavenGeneralSettings>
            <option name="mavenHome" value="D:/software/Maven/apache-maven-3.3.9" />
          </MavenGeneralSettings>
        </option>
      </component>
      <component name="ProjectRootManager" version="2" languageLevel="JDK_1_8" project-jdk-name="1.8" project-jdk-type="JavaSDK" />
      <component name="PropertiesComponent">
        <property name="last_opened_file_path" value="D:/software/Scala" />
        <property name="project.structure.last.edited" value="Libraries" />
        <property name="project.structure.proportion" value="0.0" />
        <property name="project.structure.side.proportion" value="0.2" />
        <property name="settings.editor.selected.configurable" value="MavenSettings" />
      </component>
      <component name="libraryTable">
        <library name="scala-sdk-2.11.8" type="Scala">
          <properties>
            <language-level>Scala_2_11</language-level>
            <compiler-classpath>
              <root url="file://D:/software/Scala/lib/scala-compiler.jar" />
              <root url="file://D:/software/Scala/lib/scala-library.jar" />
              <root url="file://D:/software/Scala/lib/scala-reflect.jar" />
            </compiler-classpath>
          </properties>
          <CLASSES>
            <root url="jar://D:/software/Scala/lib/scala-library.jar!/" />
            <root url="jar://D:/software/Scala/lib/scala-reflect.jar!/" />
          </CLASSES>
          <JAVADOC>
            <root url="jar://D:/software/Scala/api/jars/scala-library-2.11.8-javadoc.jar!/" />
            <root url="jar://D:/software/Scala/api/jars/scala-reflect-2.11.8-javadoc.jar!/" />
          </JAVADOC>
          <SOURCES />
        </library>
      </component>
      <component name="masterDetails">
        <states>
          <state key="GlobalLibrariesConfigurable.UI">
            <settings>
              <last-edited>scala-sdk-2.11.8</last-edited>
              <splitter-proportions>
                <option name="proportions">
                  <list>
                    <option value="0.2" />
                  </list>
                </option>
              </splitter-proportions>
            </settings>
          </state>
          <state key="JdkListConfigurable.UI">
            <settings>
              <last-edited>1.8</last-edited>
              <splitter-proportions>
                <option name="proportions">
                  <list>
                    <option value="0.2" />
                  </list>
                </option>
              </splitter-proportions>
            </settings>
          </state>
          <state key="ProjectLibrariesConfigurable.UI">
            <settings>
              <last-edited>scala-sdk-2.11.8</last-edited>
              <splitter-proportions>
                <option name="proportions">
                  <list>
                    <option value="0.2" />
                  </list>
                </option>
              </splitter-proportions>
            </settings>
          </state>
        </states>
      </component>
    </defaultProject>
  </component>
</application>